Timestamp,CPU_Percent,Memory_MB,Working_Set_MB,ProcessName
2026-05-07 22:19:06,0,22.82,25.51,main
2026-05-07 22:19:07,0,22.82,25.51,main
2026-05-07 22:19:08,0,22.82,25.51,main
2026-05-07 22:19:09,0,22.82,25.51,main
2026-05-07 22:19:10,0,22.79,25.57,main
2026-05-07 22:19:11,0,22.79,25.57,main
2026-05-07 22:19:12,0.2,22.79,25.61,main
2026-05-07 22:19:13,0,22.79,25.61,main
2026-05-07 22:19:14,0,22.79,25.61,main
2026-05-07 22:19:15,0,22.79,25.61,main
2026-05-07 22:19:16,0,22.79,25.61,main
2026-05-07 22:19:17,0,22.79,25.63,main
2026-05-07 22:19:18,0.2,22.79,25.66,main
2026-05-07 22:19:19,0,22.82,25.72,main
2026-05-07 22:19:20,0,23.13,25.97,main
2026-05-07 22:19:21,0,23.24,26.08,main
2026-05-07 22:19:22,0,23.36,26.18,main
2026-05-07 22:19:23,0,23.65,26.42,main
2026-05-07 22:19:24,0.2,24.06,26.95,main
2026-05-07 22:19:25,0,24.17,27.04,main
2026-05-07 22:19:26,0.39,24.2,27.1,main
2026-05-07 22:19:27,0.2,24.2,27.12,main
2026-05-07 22:19:28,0.39,24.26,27.21,main
2026-05-07 22:19:29,0,24.26,27.23,main
2026-05-07 22:19:30,0,24.23,27.23,main
2026-05-07 22:19:31,0,24.23,27.23,main
2026-05-07 22:19:32,0,24.23,27.23,main
2026-05-07 22:19:33,0,24.28,27.27,main
2026-05-07 22:19:34,0,24.28,27.29,main
2026-05-07 22:19:35,0,24.28,27.3,main
2026-05-07 22:19:36,1.17,24.37,27.4,main
2026-05-07 22:19:37,0,24.37,27.42,main
2026-05-07 22:19:38,0,24.18,27.25,main
2026-05-07 22:19:39,0,24.18,27.25,main
2026-05-07 22:19:40,0.2,24.25,27.31,main
2026-05-07 22:19:41,0.39,24.25,27.32,main
2026-05-07 22:19:42,0,24.25,27.32,main
2026-05-07 22:19:43,0.59,24.25,27.32,main
2026-05-07 22:19:44,0.2,24.25,27.32,main
2026-05-07 22:19:45,0.2,24.25,27.32,main
2026-05-07 22:19:46,0,24.25,27.32,main
2026-05-07 22:19:48,0.39,24.53,27.58,main
2026-05-07 22:19:49,0.59,24.16,27.26,main
2026-05-07 22:19:50,0.2,24.18,27.27,main
2026-05-07 22:19:51,0.59,24.18,27.27,main
2026-05-07 22:19:52,0.2,24.18,27.27,main
2026-05-07 22:19:53,0,24.38,27.45,main
2026-05-07 22:19:54,0,24.38,27.46,main
2026-05-07 22:19:55,0.59,24.19,27.29,main
2026-05-07 22:19:56,0.59,24.19,27.3,main
2026-05-07 22:19:57,0.39,24.44,27.52,main
2026-05-07 22:19:58,0.98,24.09,27.2,main
2026-05-07 22:19:59,0.59,24.18,27.27,main
2026-05-07 22:20:00,0.78,24.18,27.28,main
2026-05-07 22:20:01,1.17,24.31,27.41,main
2026-05-07 22:20:02,0.2,24.06,27.19,main
2026-05-07 22:20:03,0.78,24.18,27.32,main
2026-05-07 22:20:04,0.2,24.18,27.32,main
2026-05-07 22:20:05,0.78,24.49,27.57,main
2026-05-07 22:20:06,0.39,23.55,26.69,main
2026-05-07 22:20:07,0.2,23.7,26.83,main
2026-05-07 22:20:08,0.2,23.84,26.96,main
2026-05-07 22:20:09,1.37,23.76,26.89,main
2026-05-07 22:20:10,0.59,23.57,26.72,main
2026-05-07 22:20:11,0.2,23.93,27.03,main
2026-05-07 22:20:12,0.98,24.19,27.29,main
2026-05-07 22:20:13,0.59,23.94,27.07,main
2026-05-07 22:20:14,0,23.99,27.12,main
2026-05-07 22:20:15,0.39,24.08,27.23,main
2026-05-07 22:20:16,0.39,24.08,27.23,main
2026-05-07 22:20:17,0.39,24.11,27.26,main
2026-05-07 22:20:18,0.59,24.18,27.34,main
2026-05-07 22:20:19,0.2,23.8,26.96,main
2026-05-07 22:20:20,0.39,23.8,26.96,main
2026-05-07 22:20:21,0.2,23.68,26.85,main
2026-05-07 22:20:22,0.2,23.68,26.85,main
2026-05-07 22:20:23,0.98,23.71,26.88,main
2026-05-07 22:20:24,0.78,23.87,27.05,main
2026-05-07 22:20:25,0.39,23.91,27.07,main
2026-05-07 22:20:26,0.78,24.17,27.31,main
2026-05-07 22:20:27,0.59,23.98,27.13,main
2026-05-07 22:20:28,0.59,24.12,27.25,main
2026-05-07 22:20:29,0.59,23.57,26.77,main
2026-05-07 22:20:30,0.2,23.57,26.77,main
2026-05-07 22:20:31,0,23.46,26.66,main
2026-05-07 22:20:32,0,23.46,26.67,main
2026-05-07 22:20:33,1.56,24,27.12,main
2026-05-07 22:20:34,1.17,24.07,27.25,main
2026-05-07 22:20:35,0.2,23.82,27.01,main
2026-05-07 22:20:36,0.39,23.32,26.53,main
2026-05-07 22:20:37,1.37,23.52,26.73,main
2026-05-07 22:20:38,0.39,23.32,26.53,main
2026-05-07 22:20:39,0.59,23.82,26.99,main
2026-05-07 22:20:40,1.37,23.61,26.8,main
2026-05-07 22:20:41,0.39,23.79,26.94,main
2026-05-07 22:20:42,1.56,23.98,27.16,main
2026-05-07 22:20:43,0.2,23.89,27.07,main
2026-05-07 22:20:44,0.59,23.98,27.17,main
2026-05-07 22:20:45,0.39,23.86,27.07,main
2026-05-07 22:20:46,0.39,23.61,26.82,main
2026-05-07 22:20:47,0.59,23.54,26.76,main
2026-05-07 22:20:48,0.78,23.68,26.9,main
2026-05-07 22:20:49,0,23.36,26.59,main
2026-05-07 22:20:50,0.39,23.54,26.75,main
2026-05-07 22:20:51,0.39,23.61,26.81,main
2026-05-07 22:20:52,0.39,23.4,26.62,main
2026-05-07 22:20:53,0.39,23.33,26.56,main
2026-05-07 22:20:54,2.15,23.25,26.48,main
2026-05-07 22:20:55,0.98,23.39,26.64,main
2026-05-07 22:20:56,0.59,23.51,26.76,main
2026-05-07 22:20:57,1.76,24.22,27.41,main
2026-05-07 22:20:58,0.59,23.35,26.61,main
2026-05-07 22:20:59,0.78,23.55,26.8,main
2026-05-07 22:21:00,0.39,23.51,26.75,main
2026-05-07 22:21:01,0.78,23.4,26.66,main
2026-05-07 22:21:02,1.37,23.21,26.48,main
2026-05-07 22:21:03,1.56,23.57,26.84,main
2026-05-07 22:21:04,0,23.91,27.11,main
2026-05-07 22:21:05,1.76,23.22,26.48,main
2026-05-07 22:21:06,0.2,23.5,26.73,main
2026-05-07 22:21:08,2.34,23.67,26.9,main
2026-05-07 22:21:09,0.59,23.62,26.88,main
2026-05-07 22:21:10,0.78,23.55,26.79,main
2026-05-07 22:21:11,1.56,23.4,26.68,main
2026-05-07 22:21:12,1.95,23.85,27.11,main
2026-05-07 22:21:13,0.59,23.58,26.87,main
2026-05-07 22:21:14,0.78,23.67,26.93,main
2026-05-07 22:21:15,1.95,23.82,27.09,main
2026-05-07 22:21:16,0.39,23.62,26.89,main
2026-05-07 22:21:17,1.37,23.53,26.83,main
2026-05-07 22:21:18,1.37,23.76,27.03,main
2026-05-07 22:21:19,0.2,23.64,26.94,main
2026-05-07 22:21:20,1.37,23.64,26.9,main
2026-05-07 22:21:21,1.17,23.84,27.09,main
2026-05-07 22:21:22,0.39,23.5,26.79,main
2026-05-07 22:21:23,2.15,23.81,27.09,main
2026-05-07 22:21:24,0.39,24.09,27.35,main
2026-05-07 22:21:25,0.78,23.65,26.94,main
2026-05-07 22:21:26,1.17,23.81,27.09,main
2026-05-07 22:21:27,0.39,23.71,26.99,main
2026-05-07 22:21:28,0.78,24.46,27.68,main
2026-05-07 22:21:29,0.98,24.04,27.25,main
2026-05-07 22:21:30,1.37,24.11,27.37,main
2026-05-07 22:21:31,1.56,23.87,27.14,main
2026-05-07 22:21:32,0.39,23.87,27.08,main
2026-05-07 22:21:33,0.78,23.73,27.01,main
2026-05-07 22:21:34,0.59,23.68,26.97,main
2026-05-07 22:21:35,1.17,23.6,26.91,main
2026-05-07 22:21:36,2.34,23.75,27.06,main
2026-05-07 22:21:37,0.39,23.91,27.18,main
2026-05-07 22:21:38,0.2,23.98,27.27,main
2026-05-07 22:21:39,0.59,24.3,27.59,main
2026-05-07 22:21:40,1.17,24.05,27.34,main
2026-05-07 22:21:41,0.59,23.81,27.14,main
2026-05-07 22:21:42,0.39,24.05,27.38,main
2026-05-07 22:21:43,2.34,24.04,27.35,main
2026-05-07 22:21:44,1.76,23.78,27.12,main
2026-05-07 22:21:45,1.37,23.83,27.2,main
2026-05-07 22:21:46,1.56,24.2,27.53,main
2026-05-07 22:21:47,1.37,23.69,27.04,main
2026-05-07 22:21:48,1.17,23.95,27.27,main
2026-05-07 22:21:49,1.56,24.3,27.63,main
2026-05-07 22:21:50,1.17,23.9,27.28,main
2026-05-07 22:21:51,2.93,24.05,27.41,main
2026-05-07 22:21:52,2.93,24.34,27.7,main
2026-05-07 22:21:53,4.69,24.54,27.9,main
2026-05-07 22:21:54,1.95,24.45,27.8,main
2026-05-07 22:21:55,0.59,24.48,27.8,main
2026-05-07 22:21:56,1.76,24.5,27.86,main
2026-05-07 22:21:57,1.76,24.31,27.69,main
2026-05-07 22:21:58,3.12,24.09,27.48,main
2026-05-07 22:21:59,1.17,24.64,28.01,main
2026-05-07 22:22:00,2.34,24.82,28.22,main
2026-05-07 22:22:01,2.15,24.72,28.13,main
2026-05-07 22:22:02,1.76,24.82,28.29,main
2026-05-07 22:22:03,3.32,25.11,28.57,main
2026-05-07 22:22:04,1.37,24.93,28.38,main
2026-05-07 22:22:05,1.76,24.79,28.25,main
2026-05-07 22:22:06,0.98,24.79,28.25,main
2026-05-07 22:22:07,2.54,24.93,28.35,main
2026-05-07 22:22:08,2.34,24.74,28.18,main
2026-05-07 22:22:09,0.59,24.8,28.24,main
2026-05-07 22:22:10,3.52,24.64,28.09,main
2026-05-07 22:22:11,2.54,24.58,28.01,main
2026-05-07 22:22:12,2.54,24.77,28.17,main
2026-05-07 22:22:13,2.73,25.27,28.7,main
2026-05-07 22:22:14,2.15,24.88,28.32,main
2026-05-07 22:22:15,0.78,24.82,28.23,main
2026-05-07 22:22:16,1.76,24.78,28.17,main
2026-05-07 22:22:17,2.15,24.71,28.12,main
2026-05-07 22:22:18,2.34,24.89,28.34,main
2026-05-07 22:22:19,3.32,24.87,28.32,main
2026-05-07 22:22:20,1.95,24.89,28.36,main
2026-05-07 22:22:21,1.37,24.62,28.04,main
2026-05-07 22:22:22,4.3,25.44,28.86,main
2026-05-07 22:22:23,1.37,25.21,28.66,main
2026-05-07 22:22:24,1.37,25.43,28.88,main
2026-05-07 22:22:25,3.12,25.59,29.04,main
2026-05-07 22:22:26,0.98,25.68,29.09,main
2026-05-07 22:22:27,1.56,25.21,28.62,main
2026-05-07 22:22:28,1.56,25.82,29.27,main
2026-05-07 22:22:29,1.76,24.87,28.31,main
2026-05-07 22:22:30,1.95,25.28,28.68,main
2026-05-07 22:22:31,2.15,25.21,28.64,main
2026-05-07 22:22:32,1.56,25.67,29.08,main
2026-05-07 22:22:33,2.54,25.46,28.9,main
2026-05-07 22:22:34,2.54,25.5,28.93,main
2026-05-07 22:22:35,2.15,25.27,28.69,main
2026-05-07 22:22:36,2.93,25.73,29.14,main
2026-05-07 22:22:38,1.95,26.02,29.41,main
2026-05-07 22:22:39,2.73,25.96,29.4,main
2026-05-07 22:22:40,1.56,25.43,28.88,main
2026-05-07 22:22:41,1.76,25.95,29.38,main
2026-05-07 22:22:42,2.34,25.88,29.23,main
2026-05-07 22:22:43,1.17,25.79,29.18,main
2026-05-07 22:22:44,1.37,25.87,29.3,main
2026-05-07 22:22:45,1.56,25.74,29.16,main
2026-05-07 22:22:46,3.12,25,28.41,main
2026-05-07 22:22:47,0.78,25.82,29.24,main
2026-05-07 22:22:48,1.95,26.15,29.57,main
2026-05-07 22:22:49,1.76,25.97,29.37,main
2026-05-07 22:22:50,0.78,26.41,29.79,main
2026-05-07 22:22:51,1.95,26.48,29.89,main
2026-05-07 22:22:52,3.32,25.59,29.02,main
2026-05-07 22:22:53,1.76,26.44,29.83,main
2026-05-07 22:22:54,3.71,27.19,30.55,main
2026-05-07 22:22:55,1.95,27.46,30.84,main
2026-05-07 22:22:56,2.34,26.86,30.27,main
2026-05-07 22:22:57,3.71,27.11,30.5,main
2026-05-07 22:22:58,3.12,27.71,31.08,main
2026-05-07 22:22:59,2.34,27.36,30.75,main
2026-05-07 22:23:00,3.32,26.84,30.23,main
2026-05-07 22:23:01,2.54,27.77,31.11,main
2026-05-07 22:23:02,2.15,26.71,30.11,main
2026-05-07 22:23:03,1.56,27.33,30.68,main
2026-05-07 22:23:04,2.73,27.07,30.49,main
2026-05-07 22:23:05,2.15,27.32,30.75,main
2026-05-07 22:23:06,2.54,26.94,30.36,main
2026-05-07 22:23:07,3.12,27.18,30.59,main
2026-05-07 22:23:08,3.91,26.81,30.22,main
2026-05-07 22:23:09,2.93,26.64,30.04,main
2026-05-07 22:23:10,3.12,27.11,30.47,main
2026-05-07 22:23:11,3.52,27.49,30.9,main
2026-05-07 22:23:12,2.34,26.49,29.88,main
2026-05-07 22:23:13,1.76,27.82,31.16,main
2026-05-07 22:23:14,1.76,27.59,30.98,main
2026-05-07 22:23:15,2.93,26.61,30.02,main
2026-05-07 22:23:16,3.52,27.49,30.87,main
2026-05-07 22:23:17,5.47,27.41,30.82,main
2026-05-07 22:23:18,2.54,26.76,30.17,main
2026-05-07 22:23:19,1.37,28.14,31.48,main
2026-05-07 22:23:20,3.32,27.94,31.33,main
2026-05-07 22:23:21,2.54,28.07,31.46,main
2026-05-07 22:23:22,2.34,27.36,30.72,main
2026-05-07 22:23:23,2.15,28.14,31.56,main
2026-05-07 22:23:24,2.73,26.87,30.29,main
2026-05-07 22:23:25,1.56,27.85,31.18,main
2026-05-07 22:23:26,1.76,28.19,31.53,main
2026-05-07 22:23:27,5.86,27.27,30.66,main
2026-05-07 22:23:28,0.78,28.32,31.6,main
2026-05-07 22:23:29,1.76,29.03,32.39,main
2026-05-07 22:23:30,2.15,27.42,30.84,main
2026-05-07 22:23:31,1.17,27.77,31.16,main
2026-05-07 22:23:32,4.69,27.71,31.11,main
2026-05-07 22:23:33,4.69,27.32,30.8,main
2026-05-07 22:23:34,1.37,27.49,30.98,main
2026-05-07 22:23:35,1.17,28.48,31.84,main
2026-05-07 22:23:36,1.95,28.61,32.05,main
2026-05-07 22:23:37,1.37,27.81,31.3,main
2026-05-07 22:23:38,6.45,28.64,32.11,main
2026-05-07 22:23:39,3.71,28.06,31.54,main
2026-05-07 22:23:40,1.17,28.02,31.48,main
2026-05-07 22:23:41,1.95,28.96,32.41,main
2026-05-07 22:23:42,5.08,28.68,32.15,main
2026-05-07 22:23:43,3.32,28.2,31.67,main
2026-05-07 22:23:44,2.34,28.6,32.08,main
2026-05-07 22:23:45,2.15,28.57,32.06,main
2026-05-07 22:23:46,0.59,28.29,31.79,main
2026-05-07 22:23:47,1.76,28.89,32.38,main
2026-05-07 22:23:48,3.12,28.9,32.39,main
2026-05-07 22:23:49,1.76,28.39,31.89,main
2026-05-07 22:23:50,2.34,28.29,31.79,main
2026-05-07 22:23:51,3.12,28.91,32.39,main
2026-05-07 22:23:52,3.12,27.65,31.15,main
2026-05-07 22:23:53,0.78,28.17,31.66,main
2026-05-07 22:23:54,2.15,29.58,33,main
2026-05-07 22:23:55,1.95,28.48,31.95,main
2026-05-07 22:23:56,3.71,28.79,32.21,main
2026-05-07 22:23:57,2.54,28.7,32.15,main
2026-05-07 22:23:58,5.86,29.52,33.01,main
2026-05-07 22:23:59,1.95,28.95,32.44,main
2026-05-07 22:24:00,2.73,29.56,33.03,main
2026-05-07 22:24:01,2.34,29.24,32.77,main
2026-05-07 22:24:02,4.3,29.58,33.11,main
2026-05-07 22:24:04,3.12,29.64,33.14,main
2026-05-07 22:24:05,4.3,29.67,33.12,main
2026-05-07 22:24:06,2.73,29.46,32.97,main
2026-05-07 22:24:07,2.54,29.25,32.66,main
2026-05-07 22:24:08,4.49,30.17,33.92,main
2026-05-07 22:24:09,1.56,30.63,34.39,main
2026-05-07 22:24:10,2.93,30.32,34.12,main
2026-05-07 22:24:11,4.3,29.66,33.42,main
2026-05-07 22:24:12,2.15,30.96,34.73,main
2026-05-07 22:24:13,2.15,30.41,34.22,main
2026-05-07 22:24:14,2.93,29.88,33.7,main
2026-05-07 22:24:15,4.49,30.67,34.43,main
2026-05-07 22:24:16,5.08,30.02,33.8,main
2026-05-07 22:24:17,1.37,29.76,33.59,main
2026-05-07 22:24:18,3.52,30.61,34.42,main
2026-05-07 22:24:19,1.95,30.62,34.43,main
2026-05-07 22:24:20,2.15,30.22,34.02,main
2026-05-07 22:24:21,2.15,30,33.82,main
2026-05-07 22:24:22,2.73,30.45,34.27,main
2026-05-07 22:24:23,2.54,29.39,33.26,main
2026-05-07 22:24:24,2.73,29.43,33.25,main
2026-05-07 22:24:25,7.81,30.17,34.02,main
2026-05-07 22:24:26,2.93,30.48,34.36,main
2026-05-07 22:24:27,1.56,30.41,34.25,main
2026-05-07 22:24:28,2.34,30.48,34.33,main
2026-05-07 22:24:29,1.56,30.65,34.52,main
2026-05-07 22:24:30,2.54,30.18,33.97,main
2026-05-07 22:24:31,1.56,30.45,34.3,main
2026-05-07 22:24:32,3.12,30.95,34.77,main
2026-05-07 22:24:33,2.34,30.84,34.71,main
2026-05-07 22:24:34,5.08,30.62,34.48,main
2026-05-07 22:24:35,1.95,30.59,34.45,main
2026-05-07 22:24:36,1.56,31.01,34.86,main
2026-05-07 22:24:37,1.37,30.47,34.34,main
2026-05-07 22:24:38,2.73,30.05,33.88,main
2026-05-07 22:24:39,2.73,30.89,34.73,main
2026-05-07 22:24:40,3.71,31.96,35.82,main
2026-05-07 22:24:41,2.15,30.65,34.57,main
2026-05-07 22:24:42,4.1,30.21,34.12,main
2026-05-07 22:24:43,4.88,31.79,35.62,main
2026-05-07 22:24:44,1.17,30.69,34.6,main
2026-05-07 22:24:45,4.69,29.94,33.87,main
2026-05-07 22:24:46,3.71,31.17,35.04,main
2026-05-07 22:24:47,1.95,31.93,35.83,main
2026-05-07 22:24:48,4.3,31.05,34.98,main
2026-05-07 22:24:49,3.32,30.99,34.89,main
2026-05-07 22:24:50,3.52,31.88,35.75,main
2026-05-07 22:24:51,5.08,30.42,34.34,main
2026-05-07 22:24:52,1.17,30.31,34.22,main
2026-05-07 22:24:53,4.1,30.96,34.84,main
2026-05-07 22:24:54,4.88,31.74,35.62,main
2026-05-07 22:24:55,1.56,31.5,35.42,main
2026-05-07 22:24:56,6.25,31.11,35.01,main
2026-05-07 22:24:57,5.47,31.74,35.62,main
2026-05-07 22:24:58,2.93,31.77,35.65,main
2026-05-07 22:24:59,4.1,30.67,34.59,main
2026-05-07 22:25:00,3.71,31.66,35.55,main
2026-05-07 22:25:01,2.73,31.51,35.45,main
2026-05-07 22:25:02,2.54,31.44,35.29,main
2026-05-07 22:25:03,2.93,30.44,34.38,main
2026-05-07 22:25:04,2.54,31.8,35.68,main
2026-05-07 22:25:05,2.34,32.65,36.3,main
2026-05-07 22:25:06,5.47,33.55,37.1,main
2026-05-07 22:25:07,4.1,33.73,37.36,main
2026-05-07 22:25:08,4.88,32.38,36.06,main
2026-05-07 22:25:09,1.76,31.74,35.4,main
2026-05-07 22:25:10,1.95,33.89,37.46,main
2026-05-07 22:25:11,3.12,33.29,36.95,main
2026-05-07 22:25:12,4.1,33.18,36.84,main
2026-05-07 22:25:13,1.95,32.41,35.91,main
2026-05-07 22:25:14,2.54,33.85,37.46,main
2026-05-07 22:25:15,2.15,33.43,37.07,main
2026-05-07 22:25:16,2.73,32.7,36.35,main
2026-05-07 22:25:17,2.73,32.86,36.46,main
2026-05-07 22:25:18,1.95,33.24,36.83,main
2026-05-07 22:25:19,2.15,32.9,36.58,main
2026-05-07 22:25:21,1.95,31.4,35.05,main
2026-05-07 22:25:22,3.52,32.83,36.41,main
2026-05-07 22:25:23,1.37,33.52,37.11,main
2026-05-07 22:25:24,3.12,32.58,36.25,main
2026-05-07 22:25:25,0.98,30.91,34.57,main
2026-05-07 22:25:26,1.56,32.54,36.11,main
2026-05-07 22:25:27,3.32,33.22,36.85,main
2026-05-07 22:25:28,1.56,30.64,34.35,main
2026-05-07 22:25:29,2.34,32.63,36.2,main
2026-05-07 22:25:30,2.93,32.5,36.16,main
2026-05-07 22:25:31,3.12,32.75,36.45,main
2026-05-07 22:25:32,0.78,31.31,35.02,main
2026-05-07 22:25:33,5.47,32.7,36.35,main
2026-05-07 22:25:34,1.95,32.7,36.41,main
2026-05-07 22:25:35,1.17,30.86,34.56,main
2026-05-07 22:25:36,2.34,31.87,35.5,main
2026-05-07 22:25:37,1.37,32.71,36.29,main
2026-05-07 22:25:38,0.78,30.71,34.43,main
2026-05-07 22:25:39,2.73,31.04,34.68,main
2026-05-07 22:25:40,4.88,31.93,35.59,main
2026-05-07 22:25:41,0.98,31.36,35.05,main
2026-05-07 22:25:42,1.37,30.36,34.02,main
2026-05-07 22:25:43,2.34,31.5,35.12,main
2026-05-07 22:25:44,2.73,31.84,35.42,main
2026-05-07 22:25:45,0.98,31.15,34.82,main
2026-05-07 22:25:46,2.54,31.32,34.98,main
2026-05-07 22:25:47,0.59,31.63,35.28,main
2026-05-07 22:25:48,0.39,30.11,33.81,main
2026-05-07 22:25:49,0.98,30.39,34.07,main
2026-05-07 22:25:50,0.98,30.64,34.43,main
2026-05-07 22:25:51,1.17,30.32,34.1,main
2026-05-07 22:25:52,1.37,30.88,34.65,main
2026-05-07 22:25:53,3.32,30.96,34.73,main
2026-05-07 22:25:54,1.56,30.46,34.25,main
2026-05-07 22:25:55,0.59,30.41,34.2,main
2026-05-07 22:25:56,0.78,30.61,34.39,main
2026-05-07 22:25:57,1.76,30.53,34.32,main
2026-05-07 22:25:58,0.39,29.96,33.76,main
2026-05-07 22:25:59,0.98,30.18,33.96,main
2026-05-07 22:26:00,0.78,30.23,34.01,main
2026-05-07 22:26:01,0,30.23,34.02,main
2026-05-07 22:26:02,1.17,30.23,34.02,main
2026-05-07 22:26:03,1.76,30.23,34.02,main
2026-05-07 22:26:04,0.2,29.86,33.65,main
2026-05-07 22:26:05,0.2,29.86,33.66,main
2026-05-07 22:26:06,0.78,29.89,33.69,main
2026-05-07 22:26:07,0.2,29.96,33.75,main
2026-05-07 22:26:08,0.98,29.96,33.76,main
2026-05-07 22:26:09,0.59,29.96,33.76,main
2026-05-07 22:26:10,0,29.96,33.76,main
2026-05-07 22:26:11,0,29.96,33.76,main
2026-05-07 22:26:12,0.2,29.71,33.55,main
2026-05-07 22:26:13,0,29.71,33.55,main
2026-05-07 22:26:14,0,29.71,33.55,main
2026-05-07 22:26:15,0,29.71,33.55,main
2026-05-07 22:26:16,0,29.71,33.55,main
2026-05-07 22:26:17,0,29.71,33.55,main
2026-05-07 22:26:18,0,29.71,33.55,main
2026-05-07 22:26:19,0,29.71,33.55,main
2026-05-07 22:26:20,0,29.71,33.55,main
2026-05-07 22:26:21,0,29.71,33.55,main
2026-05-07 22:26:22,0,29.71,33.55,main
2026-05-07 22:26:23,0,29.71,33.55,main
2026-05-07 22:26:24,0,29.71,33.55,main
2026-05-07 22:26:25,0,29.71,33.55,main
2026-05-07 22:26:26,0,29.71,33.55,main
2026-05-07 22:26:27,0,29.71,33.55,main
2026-05-07 22:26:28,0,29.71,33.55,main
2026-05-07 22:26:29,0,29.71,33.55,main
2026-05-07 22:26:30,0,29.71,33.55,main
2026-05-07 22:26:31,0,29.71,33.55,main
2026-05-07 22:26:32,0,29.71,33.55,main
2026-05-07 22:26:33,0,29.71,33.55,main
2026-05-07 22:26:34,0,29.71,33.55,main
2026-05-07 22:26:35,0,29.71,33.55,main
2026-05-07 22:26:36,0,29.71,33.55,main
2026-05-07 22:26:37,0,29.71,33.55,main
2026-05-07 22:26:38,0,29.71,33.55,main
2026-05-07 22:26:39,0,29.71,33.55,main
2026-05-07 22:26:40,0,29.71,33.55,main
2026-05-07 22:26:41,0,29.71,33.55,main
2026-05-07 22:26:42,0,29.71,33.55,main
2026-05-07 22:26:44,0,29.71,33.55,main
2026-05-07 22:26:45,0,29.71,33.55,main
2026-05-07 22:26:46,0,29.71,33.55,main
2026-05-07 22:26:47,0,29.71,33.55,main
2026-05-07 22:26:48,0,29.71,33.55,main
2026-05-07 22:26:49,0,29.71,33.55,main
2026-05-07 22:26:50,0,29.71,33.55,main
2026-05-07 22:26:51,0,29.71,33.55,main
2026-05-07 22:26:52,0,29.71,33.55,main
2026-05-07 22:26:53,0,29.71,33.55,main
2026-05-07 22:26:54,0,29.71,33.55,main
2026-05-07 22:26:55,0,29.71,33.55,main
2026-05-07 22:26:56,0,29.71,33.55,main
2026-05-07 22:26:57,0,29.71,33.55,main
2026-05-07 22:26:58,0,29.71,33.55,main
2026-05-07 22:26:59,0,29.71,33.55,main
2026-05-07 22:27:00,0,29.71,33.55,main
2026-05-07 22:27:01,0,29.71,33.55,main
2026-05-07 22:27:02,0,29.71,33.55,main
2026-05-07 22:27:03,0,29.71,33.55,main
2026-05-07 22:27:04,0,29.71,33.55,main
2026-05-07 22:27:05,0,29.71,33.55,main
2026-05-07 22:27:06,0,29.71,33.55,main
